Year,Team,Valuation,CPI,RealValuation,LogValuation
2025,Atlanta Hawks,3800000000.0,322.3,3800000000.0,22.058266903678753
2024,Atlanta Hawks,3330000000.0,313.7,3421291042.397195,21.953283814563523
2023,Atlanta Hawks,1975000000.0,304.7,2089079422.3826718,21.459989338129226
2022,Atlanta Hawks,1680000000.0,292.7,1849894089.5114453,21.338394225485132
2021,Atlanta Hawks,1520000000.0,271.0,1807734317.3431735,21.315340139746286
2020,Atlanta Hawks,1520000000.0,258.8,1892952086.553323,21.361403397999243
2019,Atlanta Hawks,1300000000.0,255.7,1638599921.78334,21.217108007938155
2018,Atlanta Hawks,1150000000.0,251.1,1476085225.0099564,21.112659301979424
2017,Atlanta Hawks,885000000.0,245.1,1163751529.9877603,20.874914701259527
2016,Atlanta Hawks,825000000.0,240.0,1107906250.0,20.825737809778357
2015,Atlanta Hawks,825000000.0,237.0,1121930379.7468355,20.838316591985215
2014,Atlanta Hawks,420000000.0,236.7,571888466.4131813,20.164454541543144
2013,Atlanta Hawks,316000000.0,233.0,437110729.61373395,19.895697106806878
2012,Atlanta Hawks,270000000.0,229.6,379011324.0418119,19.75307664133863
2011,Atlanta Hawks,295000000.0,224.9,422759004.00177854,19.862312844160215
2025,Boston Celtics,6000000000.0,322.3,6000000000.0,22.515025306174465
2024,Boston Celtics,4700000000.0,313.7,4828849218.999043,22.297874019287185
2023,Boston Celtics,4000000000.0,304.7,4231046931.407943,22.165715300896032
2022,Boston Celtics,3550000000.0,292.7,3909002391.527161,22.08654803555729
2021,Boston Celtics,3600000000.0,271.0,4281476014.7601476,22.177563650350166
2020,Boston Celtics,3100000000.0,258.8,3860625965.9969087,22.07409517463216
2019,Boston Celtics,2800000000.0,255.7,3529292139.225655,21.98436316065182
2018,Boston Celtics,2500000000.0,251.1,3208880923.9346876,21.88918809147842
2017,Boston Celtics,2200000000.0,245.1,2892941656.4667487,21.785539695598008
2016,Boston Celtics,2100000000.0,240.0,2820125000.0,21.76004704715519
2015,Boston Celtics,1700000000.0,237.0,2311856540.0843883,21.56131673569484
2014,Boston Celtics,875000000.0,236.7,1191434305.027461,20.89842371662334
2013,Boston Celtics,730000000.0,233.0,1009781115.8798283,20.7329994273624
2012,Boston Celtics,482000000.0,229.6,676605400.6968641,20.332598796390855
2011,Boston Celtics,452000000.0,224.9,647752779.0128946,20.289019667652628
2025,Brooklyn Nets,4800000000.0,322.3,4800000000.0,22.291881754860256
2024,Brooklyn Nets,3850000000.0,313.7,3955546700.6694293,22.098384658870863
2023,Brooklyn Nets,3500000000.0,304.7,3702166064.98195,22.03218390827151
2022,Brooklyn Nets,3200000000.0,292.7,3523607789.54561,21.982751241875643
2021,Brooklyn Nets,2650000000.0,271.0,3151642066.4206643,21.871189444886234
2020,Brooklyn Nets,2500000000.0,258.8,3113408037.094281,21.858983795015213
2019,Brooklyn Nets,2350000000.0,255.7,2962084473.9929605,21.80915907162673
2018,Brooklyn Nets,2300000000.0,251.1,2952170450.0199127,21.805806482539367
2017,Brooklyn Nets,1800000000.0,245.1,2366952264.381885,21.584869000135857
2016,Brooklyn Nets,1700000000.0,240.0,2282958333.3333335,21.548737953487983
2015,Brooklyn Nets,1500000000.0,237.0,2039873417.721519,21.436153592740837
2014,Brooklyn Nets,780000000.0,236.7,1062078580.4816223,20.783493749949365
2013,Brooklyn Nets,530000000.0,233.0,733128755.3648069,20.412831899766132
2012,Brooklyn Nets,357000000.0,229.6,501137195.1219513,20.032390464119896
2011,Brooklyn Nets,312000000.0,224.9,447121387.283237,19.918340675629878
2025,Charlotte Hornets,3300000000.0,322.3,3300000000.0,21.917188305418847
2024,Charlotte Hornets,3000000000.0,313.7,3082244182.339815,21.84892379923928
2023,Charlotte Hornets,1700000000.0,304.7,1798194945.8483758,21.31004919083831
2022,Charlotte Hornets,1575000000.0,292.7,1734275708.9169798,21.27385570434756
2021,Charlotte Hornets,1500000000.0,271.0,1783948339.4833949,21.302094912996267
2020,Charlotte Hornets,1500000000.0,258.8,1868044822.2565687,21.34815817124922
2019,Charlotte Hornets,1250000000.0,255.7,1575576847.868596,21.17788729478487
2018,Charlotte Hornets,1050000000.0,251.1,1347729988.052569,21.021687523773696
2017,Charlotte Hornets,780000000.0,245.1,1025679314.5654836,20.748620975935236
2016,Charlotte Hornets,750000000.0,240.0,1007187500.0000001,20.73042762997403
2015,Charlotte Hornets,725000000.0,237.0,985938818.5654008,20.70910486050521
2014,Charlotte Hornets,410000000.0,236.7,558272074.3557246,20.140356989964083
2013,Charlotte Hornets,315000000.0,233.0,435727467.81115884,19.892527532045598
2012,Charlotte Hornets,277000000.0,229.6,388837543.554007,19.778672188527594
2011,Charlotte Hornets,281000000.0,224.9,402695864.8288128,19.813692157154144
2025,Chicago Bulls,5000000000.0,322.3,5000000000.0,22.33270374938051
2024,Chicago Bulls,4600000000.0,313.7,4726107746.254383,22.27636781406622
2023,Chicago Bulls,4100000000.0,304.7,4336823104.693141,22.190407913486403
2022,Chicago Bulls,3650000000.0,292.7,4019115134.9504614,22.114327599664364
2021,Chicago Bulls,3700000000.0,271.0,4400405904.059041,22.204962624538283
2020,Chicago Bulls,3200000000.0,258.8,3985162287.48068,22.10584387294674
2019,Chicago Bulls,2900000000.0,255.7,3655338287.055143,22.01945448046309
2018,Chicago Bulls,2600000000.0,251.1,3337236160.892075,21.9284088046317
2017,Chicago Bulls,2500000000.0,245.1,3287433700.530396,21.91337306710789
2016,Chicago Bulls,2300000000.0,240.0,3088708333.3333335,21.851018825360917
2015,Chicago Bulls,2000000000.0,237.0,2719831223.628692,21.723835665192617
2014,Chicago Bulls,1000000000.0,236.7,1361639205.7456696,21.031955109247864
2013,Chicago Bulls,800000000.0,233.0,1106609442.0600858,20.824566620887893
2012,Chicago Bulls,600000000.0,229.6,842247386.7595819,20.551584337556402
2011,Chicago Bulls,511000000.0,224.9,732304579.8132503,20.4117070780241
2025,Cleveland Cavaliers,3950000000.0,322.3,3950000000.0,22.096981415859442
2024,Cleveland Cavaliers,3350000000.0,313.7,3441839336.946127,21.959271856408147
2023,Cleveland Cavaliers,2050000000.0,304.7,2168411552.3465705,21.497260732926456
2022,Cleveland Cavaliers,1650000000.0,292.7,1816860266.484455,21.32037571998245
2021,Cleveland Cavaliers,1560000000.0,271.0,1855306273.0627306,21.341315626149548
2020,Cleveland Cavaliers,1510000000.0,258.8,1880498454.4049459,21.354802713967892
2019,Cleveland Cavaliers,1275000000.0,255.7,1607088384.825968,21.19768992208105
2018,Cleveland Cavaliers,1325000000.0,251.1,1700706889.6853845,21.25430981904245
2017,Cleveland Cavaliers,1200000000.0,245.1,1577968176.25459,21.17940389202769
2016,Cleveland Cavaliers,1100000000.0,240.0,1477208333.3333335,21.113419882230136
2015,Cleveland Cavaliers,915000000.0,237.0,1244322784.8101265,20.941857270926057
2014,Cleveland Cavaliers,515000000.0,236.7,701244190.9590199,20.368366730929463
2013,Cleveland Cavaliers,434000000.0,233.0,600335622.3175966,20.21299942732037
2012,Cleveland Cavaliers,329000000.0,229.6,461832317.0731708,19.950712433105625
2011,Cleveland Cavaliers,355000000.0,224.9,508743886.1716318,20.04745527729581
2025,Dallas Mavericks,4700000000.0,322.3,4700000000.0,22.270828345662423
2024,Dallas Mavericks,4500000000.0,313.7,4623366273.509723,22.254388907347444
2023,Dallas Mavericks,3300000000.0,304.7,3490613718.411553,21.973343408248574
2022,Dallas Mavericks,2700000000.0,292.7,2973044072.429108,21.812852205080247
2021,Dallas Mavericks,2450000000.0,271.0,2913782287.8228784,21.792717829444737
2020,Dallas Mavericks,2400000000.0,258.8,2988871715.61051,21.81816180049496
2019,Dallas Mavericks,2250000000.0,255.7,2836038326.163473,21.765673959686993
2018,Dallas Mavericks,1900000000.0,251.1,2438749502.1903625,21.61475124577666
2017,Dallas Mavericks,1450000000.0,245.1,1906711546.3076298,21.36864589166622
2016,Dallas Mavericks,1400000000.0,240.0,1880083333.3333335,21.354581939047026
2015,Dallas Mavericks,1150000000.0,237.0,1563902953.586498,21.170450427007832
2014,Dallas Mavericks,765000000.0,236.7,1041653992.3954372,20.764075664092264
2013,Dallas Mavericks,685000000.0,233.0,947534334.7639486,20.669373731482192
2012,Dallas Mavericks,497000000.0,229.6,697661585.3658538,20.363244708436884
2011,Dallas Mavericks,438000000.0,224.9,627689639.8399289,20.257556398196844
2025,Denver Nuggets,3900000000.0,322.3,3900000000.0,22.08424239008201
2024,Denver Nuggets,3380000000.0,313.7,3472661778.769525,21.9681872200661
2023,Denver Nuggets,1930000000.0,304.7,2041480144.4043324,21.436940942692935
2022,Denver Nuggets,1730000000.0,292.7,1904950461.2230954,21.36772184057965
2021,Denver Nuggets,1650000000.0,271.0,1962343173.4317343,21.397405092800593
2020,Denver Nuggets,1600000000.0,258.8,1992581143.74034,21.412696692386792
2019,Denver Nuggets,1375000000.0,255.7,1733134532.6554556,21.273197474589196
2018,Denver Nuggets,1125000000.0,251.1,1443996415.7706094,21.090680395260648
2017,Denver Nuggets,890000000.0,245.1,1170326397.388821,20.880548518977786
2016,Denver Nuggets,855000000.0,240.0,1148193750.0,20.861455892380434
2015,Denver Nuggets,855000000.0,237.0,1162727848.101266,20.874034674587296
2014,Denver Nuggets,495000000.0,236.7,674011406.8441064,20.328757592834418
2013,Denver Nuggets,427000000.0,233.0,590652789.6995708,20.19673890644859
2012,Denver Nuggets,316000000.0,229.6,443583623.6933798,19.910396895927168
2011,Denver Nuggets,316000000.0,224.9,452853712.7612272,19.93107970140731
2025,Detroit Pistons,3400000000.0,322.3,3400000000.0,21.947041268568526
2024,Detroit Pistons,3080000000.0,313.7,3164437360.5355434,21.875241107556654
2023,Detroit Pistons,1900000000.0,304.7,2009747292.418773,21.421274825948537
2022,Detroit Pistons,1580000000.0,292.7,1739781346.0881448,21.277025279108837
2021,Detroit Pistons,1450000000.0,271.0,1724483394.8339484,21.268193361320584
2020,Detroit Pistons,1450000000.0,258.8,1805776661.5146832,21.31425661957354
2019,Detroit Pistons,1270000000.0,255.7,1600786077.4344935,21.19376064394116
2018,Detroit Pistons,1100000000.0,251.1,1411907606.5312626,21.06820753940859
2017,Detroit Pistons,900000000.0,245.1,1183476132.1909425,20.89172181957591
2016,Detroit Pistons,850000000.0,240.0,1141479166.6666667,20.855590772928036
2015,Detroit Pistons,810000000.0,237.0,1101531645.5696204,20.81996745331702
2014,Detroit Pistons,450000000.0,236.7,612737642.5855514,20.233447413030092
2013,Detroit Pistons,400000000.0,233.0,553304721.0300429,20.13141944032795
2012,Detroit Pistons,332000000.0,229.6,466043554.0069687,19.959789651256745
2011,Detroit Pistons,360000000.0,224.9,515909293.01911956,20.061441519270552
2025,Golden State Warriors,8800000000.0,322.3,8800000000.0,22.89801755843057
2024,Golden State Warriors,7700000000.0,313.7,7911093401.338859,22.79153183943081
2023,Golden State Warriors,7000000000.0,304.7,7404332129.9639,22.725331088831453
2022,Golden State Warriors,5600000000.0,292.7,6166313631.704817,22.542367029811068
2021,Golden State Warriors,4700000000.0,271.0,5589704797.047971,22.444192313604116
2020,Golden State Warriors,4300000000.0,258.8,5355061823.802164,22.401308085840576
2019,Golden State Warriors,3500000000.0,255.7,4411615174.032069,22.20750671196603
2018,Golden State Warriors,3100000000.0,251.1,3979012345.679013,22.104299471095366
2017,Golden State Warriors,2600000000.0,245.1,3418931048.551612,21.95259378026117
2016,Golden State Warriors,1900000000.0,240.0,2551541666.666667,21.659963588598206
2015,Golden State Warriors,1300000000.0,237.0,1767890295.35865,21.293052749100163
2014,Golden State Warriors,750000000.0,236.7,1021229404.3092523,20.744273036796084
2013,Golden State Warriors,555000000.0,233.0,767710300.4291846,20.4589230069664
2012,Golden State Warriors,450000000.0,229.6,631685540.0696865,20.26390226510462
2011,Golden State Warriors,363000000.0,224.9,520208537.12761223,20.06974032208525
2025,Houston Rockets,4900000000.0,322.3,4900000000.0,22.31250104206299
2024,Houston Rockets,4400000000.0,313.7,4520624800.765062,22.231916051495386
2023,Houston Rockets,3200000000.0,304.7,3384837545.126354,21.94257174958182
2022,Houston Rockets,2750000000.0,292.7,3028100444.1407585,21.831201343748443
2021,Houston Rockets,2500000000.0,271.0,2973247232.472325,21.812920536762256
2020,Houston Rockets,2475000000.0,258.8,3082273956.7233386,21.84893345916171
2019,Houston Rockets,2300000000.0,255.7,2899061400.078217,21.787652866405768
2018,Houston Rockets,2200000000.0,251.1,2823815213.0625253,21.761354719968534
2017,Houston Rockets,1650000000.0,245.1,2169706242.3500614,21.497857623146224
2016,Houston Rockets,1500000000.0,240.0,2014375000.0000002,21.423574810533978
2015,Houston Rockets,1250000000.0,237.0,1699894514.7679327,21.253832035946882
2014,Houston Rockets,775000000.0,236.7,1055270384.452894,20.777062859619075
2013,Houston Rockets,568000000.0,233.0,785692703.862661,20.482076311941118
2012,Houston Rockets,453000000.0,229.6,635896777.0034844,20.27054680782329
2011,Houston Rockets,443000000.0,224.9,634855046.6874166,20.268907257865532
2025,Indiana Pacers,3600000000.0,322.3,3600000000.0,22.004199682408476
2024,Indiana Pacers,2900000000.0,313.7,2979502709.5951543,21.8150222475636
2023,Indiana Pacers,1800000000.0,304.7,1903971119.1335742,21.36720760467826
2022,Indiana Pacers,1670000000.0,292.7,1838882815.169115,21.332424058498628
2021,Indiana Pacers,1550000000.0,271.0,1843413284.1328413,21.33488473581926
2020,Indiana Pacers,1525000000.0,258.8,1899178902.6275115,21.364687473200433
2019,Indiana Pacers,1400000000.0,255.7,1764646069.6128275,21.291215980091874
2018,Indiana Pacers,1175000000.0,251.1,1508174034.2493033,21.134165507200386
2017,Indiana Pacers,880000000.0,245.1,1157176662.5866995,20.86924896372385
2016,Indiana Pacers,840000000.0,240.0,1128050000.0,20.843756315281034
2015,Indiana Pacers,830000000.0,237.0,1128729957.8059072,20.84435890644118
2014,Indiana Pacers,475000000.0,236.7,646778622.7291931,20.28751463430037
2013,Indiana Pacers,383000000.0,233.0,529789270.3862661,20.087989882400613
2012,Indiana Pacers,283000000.0,229.6,397260017.42160285,19.800101579983494
2011,Indiana Pacers,269000000.0,224.9,385498888.39484215,19.770048867422236
2025,Los Angeles Clippers,5500000000.0,322.3,5500000000.0,22.428013929184836
2024,Los Angeles Clippers,4650000000.0,313.7,4777478482.626713,22.287178730170435
2023,Los Angeles Clippers,3900000000.0,304.7,4125270758.122744,22.14039749291174
2022,Los Angeles Clippers,3300000000.0,292.7,3633720532.96891,22.013522900542398
2021,Los Angeles Clippers,2750000000.0,271.0,3270571955.7195573,21.90823071656658
2020,Los Angeles Clippers,2600000000.0,258.8,3237944358.5780525,21.898204508168494
2019,Los Angeles Clippers,2200000000.0,255.7,2773015252.248729,21.74320110383493
2018,Los Angeles Clippers,2150000000.0,251.1,2759637594.5838313,21.738365201743836
2017,Los Angeles Clippers,2000000000.0,245.1,2629946960.424317,21.690229515793682
2016,Los Angeles Clippers,2000000000.0,240.0,2685833333.3333335,21.711256882985758
2015,Los Angeles Clippers,1600000000.0,237.0,2175864978.9029536,21.500692113878408
2014,Los Angeles Clippers,575000000.0,236.7,782942543.30376,20.47856987106308
2013,Los Angeles Clippers,430000000.0,233.0,594802575.1072961,20.203740101907574
2012,Los Angeles Clippers,324000000.0,229.6,454813588.85017425,19.935398198132585
2011,Los Angeles Clippers,305000000.0,224.9,437089817.6967541,19.895649264427806
2025,Los Angeles Lakers,7100000000.0,322.3,7100000000.0,22.683360620993682
2024,Los Angeles Lakers,6400000000.0,313.7,6575454255.658272,22.6066095009368
2023,Los Angeles Lakers,5900000000.0,304.7,6240794223.826715,22.554373290687813
2022,Los Angeles Lakers,5500000000.0,292.7,6056200888.281517,22.524348524308387
2021,Los Angeles Lakers,4600000000.0,271.0,5470774907.749078,22.42268610838315
2020,Los Angeles Lakers,4400000000.0,258.8,5479598145.285935,22.424297604065274
2019,Los Angeles Lakers,3700000000.0,255.7,4663707469.691045,22.26307656312084
2018,Los Angeles Lakers,3300000000.0,251.1,4235722819.5937877,22.166819828076697
2017,Los Angeles Lakers,3000000000.0,245.1,3944920440.636475,22.095694623901846
2016,Los Angeles Lakers,2700000000.0,240.0,3625875000.0000005,22.011361475436097
2015,Los Angeles Lakers,2600000000.0,237.0,3535780590.7173,21.98619992966011
2014,Los Angeles Lakers,1350000000.0,236.7,1838212927.756654,21.332059701698203
2013,Los Angeles Lakers,1000000000.0,233.0,1383261802.5751073,21.047710172202102
2012,Los Angeles Lakers,900000000.0,229.6,1263371080.139373,20.957049445664566
2011,Los Angeles Lakers,643000000.0,224.9,921471320.5869274,20.641482212058015
2025,Memphis Grizzlies,3000000000.0,322.3,3000000000.0,21.82187812561452
2024,Memphis Grizzlies,2400000000.0,313.7,2465795345.871852,21.62578024792507
2023,Memphis Grizzlies,1650000000.0,304.7,1745306859.2057765,21.28019622768863
2022,Memphis Grizzlies,1500000000.0,292.7,1651691151.3495047,21.22506554017813
2021,Memphis Grizzlies,1300000000.0,271.0,1546088560.885609,21.158994069355593
2020,Memphis Grizzlies,1300000000.0,258.8,1618972179.2890263,21.20505732760855
2019,Memphis Grizzlies,1200000000.0,255.7,1512553773.9538522,21.137065300264616
2018,Memphis Grizzlies,1025000000.0,251.1,1315641178.813222,20.997589972194636
2017,Memphis Grizzlies,790000000.0,245.1,1038829049.3676052,20.761360001712667
2016,Memphis Grizzlies,780000000.0,240.0,1047475000.0000001,20.76964834312731
2015,Memphis Grizzlies,750000000.0,237.0,1019936708.8607595,20.74300641218089
2014,Memphis Grizzlies,453000000.0,236.7,616822560.2027884,20.240091955748763
2013,Memphis Grizzlies,377000000.0,233.0,521489699.57081544,20.072200080667976
2012,Memphis Grizzlies,269000000.0,229.6,377607578.39721256,19.749366061942094
2011,Memphis Grizzlies,266000000.0,224.9,381199644.2863495,19.758833796602094
2025,Miami Heat,4250000000.0,322.3,4250000000.0,22.170184819882735
2024,Miami Heat,3900000000.0,313.7,4006917437.0417595,22.111288063706773
2023,Miami Heat,3000000000.0,304.7,3173285198.5559573,21.87803322844425
2022,Miami Heat,2300000000.0,292.7,2532593098.735907,21.652509555005068
2021,Miami Heat,2000000000.0,271.0,2378597785.97786,21.589776985448047
2020,Miami Heat,1950000000.0,258.8,2428458268.9335394,21.610522435716714
2019,Miami Heat,1750000000.0,255.7,2205807587.0160346,21.514359531406086
2018,Miami Heat,1700000000.0,251.1,2182039028.2755876,21.503525610666433
2017,Miami Heat,1350000000.0,245.1,1775214198.286414,21.297186927684074
2016,Miami Heat,1300000000.0,240.0,1745791666.6666667,21.280473966893304
2015,Miami Heat,1175000000.0,237.0,1597900843.8818567,21.191956632228795
2014,Miami Heat,770000000.0,236.7,1048462188.4241656,20.770590345113458
2013,Miami Heat,625000000.0,233.0,864538626.6094421,20.577706542956367
2012,Miami Heat,457000000.0,229.6,641511759.5818816,20.27933807323446
2011,Miami Heat,425000000.0,224.9,609059582.0364606,20.227426656744814
2025,Milwaukee Bucks,4000000000.0,322.3,4000000000.0,22.1095601980663
2024,Milwaukee Bucks,3200000000.0,313.7,3287727127.829136,21.91346232037685
2023,Milwaukee Bucks,2300000000.0,304.7,2432851985.559567,21.612330062711244
2022,Milwaukee Bucks,1900000000.0,292.7,2092142125.0427058,21.461454318242357
2021,Milwaukee Bucks,1625000000.0,271.0,1932610701.107011,21.382137620669802
2020,Milwaukee Bucks,1580000000.0,258.8,1967673879.4435859,21.400117910179933
2019,Milwaukee Bucks,1350000000.0,255.7,1701622995.6980839,21.254848335921
2018,Milwaukee Bucks,1075000000.0,251.1,1379818797.2919157,21.04521802118389
2017,Milwaukee Bucks,785000000.0,245.1,1032254181.9665444,20.75501077403401
2016,Milwaukee Bucks,675000000.0,240.0,906468750.0000001,20.625067114316206
2015,Milwaukee Bucks,600000000.0,237.0,815949367.0886077,20.51986286086668
2014,Milwaukee Bucks,405000000.0,236.7,551463878.3269962,20.128086897372267
2013,Milwaukee Bucks,312000000.0,233.0,431577682.4034335,19.882958081029447
2012,Milwaukee Bucks,268000000.0,229.6,376203832.7526133,19.74564166285111
2011,Milwaukee Bucks,258000000.0,224.9,369734993.33036906,19.728297072742013
2025,Minnesota Timberwolves,3100000000.0,322.3,3100000000.0,21.854667948437513
2024,Minnesota Timberwolves,2500000000.0,313.7,2568536818.6165123,21.666602242445325
2023,Minnesota Timberwolves,1670000000.0,304.7,1766462093.862816,21.292244566204804
2022,Minnesota Timberwolves,1550000000.0,292.7,1706747523.0611548,21.25785536300112
2021,Minnesota Timberwolves,1400000000.0,271.0,1665018450.184502,21.233102041509316
2020,Minnesota Timberwolves,1375000000.0,258.8,1712374420.4018548,21.26114679425959
2019,Minnesota Timberwolves,1260000000.0,255.7,1588181462.6515448,21.18585546443405
2018,Minnesota Timberwolves,1060000000.0,251.1,1360565511.7483077,21.03116626772824
2017,Minnesota Timberwolves,770000000.0,245.1,1012529579.763362,20.73571757109933
2016,Minnesota Timberwolves,720000000.0,240.0,966900000.0000001,20.689605635453777
2015,Minnesota Timberwolves,625000000.0,237.0,849947257.3839663,20.56068485538694
2014,Minnesota Timberwolves,430000000.0,236.7,585504858.4706379,20.187985038953336
2013,Minnesota Timberwolves,364000000.0,233.0,503507296.13733906,20.037108760856707
2012,Minnesota Timberwolves,272000000.0,229.6,381818815.3310105,19.76045674863625
2011,Minnesota Timberwolves,264000000.0,224.9,378333481.54735434,19.75128659096671
2025,New Orleans Pelicans,3050000000.0,322.3,3050000000.0,21.83840742756573
2024,New Orleans Pelicans,2550000000.0,313.7,2619907554.988843,21.686404869741505
2023,New Orleans Pelicans,1600000000.0,304.7,1692418772.563177,21.249424569021876
2022,New Orleans Pelicans,1530000000.0,292.7,1684724974.3764946,21.24486816747431
2021,New Orleans Pelicans,1350000000.0,271.0,1605553505.5350554,21.19673439733844
2020,New Orleans Pelicans,1350000000.0,258.8,1681240340.030912,21.242797655591396
2019,New Orleans Pelicans,1220000000.0,255.7,1537763003.5197499,21.15359460221583
2018,New Orleans Pelicans,1000000000.0,251.1,1283552369.5738752,20.972897359604264
2017,New Orleans Pelicans,750000000.0,245.1,986230110.1591188,20.709400262781955
2016,New Orleans Pelicans,650000000.0,240.0,872895833.3333334,20.587326786333357
2015,New Orleans Pelicans,650000000.0,237.0,883945147.679325,20.59990556854022
2014,New Orleans Pelicans,420000000.0,236.7,571888466.4131813,20.164454541543144
2013,New Orleans Pelicans,340000000.0,233.0,470309012.8755365,19.968900510830174
2012,New Orleans Pelicans,285000000.0,229.6,400067508.7108014,19.807143862608907
2011,New Orleans Pelicans,280000000.0,224.9,401262783.45931524,19.810127090989646
2025,New York Knicks,7500000000.0,322.3,7500000000.0,22.738168857488677
2024,New York Knicks,6600000000.0,313.7,6780937201.147593,22.63738115960355
2023,New York Knicks,6100000000.0,304.7,6452346570.397113,22.587709710955405
2022,New York Knicks,5800000000.0,292.7,6386539118.551418,22.577458349622336
2021,New York Knicks,5000000000.0,271.0,5946494464.94465,22.506067717322203
2020,New York Knicks,4600000000.0,258.8,5728670788.253477,22.468749366636107
2019,New York Knicks,4000000000.0,255.7,5041845913.179507,22.341038104590552
2018,New York Knicks,3600000000.0,251.1,4620788530.46595,22.25383120506633
2017,New York Knicks,3300000000.0,245.1,4339412484.700123,22.19100480370617
2016,New York Knicks,3000000000.0,240.0,4028750000.0000005,22.11672199109392
2015,New York Knicks,2500000000.0,237.0,3399789029.5358653,21.946979216506826
2014,New York Knicks,1400000000.0,236.7,1906294888.0439374,21.36842734586908
2013,New York Knicks,1100000000.0,233.0,1521587982.832618,21.143020352006427
2012,New York Knicks,780000000.0,229.6,1094921602.7874565,20.813948602023892
2011,New York Knicks,655000000.0,224.9,938668297.0208981,20.65997272345565
2025,Oklahoma City Thunder,3650000000.0,322.3,3650000000.0,22.017993004540813
2024,Oklahoma City Thunder,3050000000.0,313.7,3133614918.7121453,21.86545310119049
2023,Oklahoma City Thunder,1875000000.0,304.7,1983303249.0974731,21.408029599198514
2022,Oklahoma City Thunder,1630000000.0,292.7,1794837717.799795,21.308180446888635
2021,Oklahoma City Thunder,1575000000.0,271.0,1873145756.4575646,21.3508850771657
2020,Oklahoma City Thunder,1575000000.0,258.8,1961447063.3693972,21.396948335418653
2019,Oklahoma City Thunder,1475000000.0,255.7,1859180680.4849434,21.343401733262446
2018,Oklahoma City Thunder,1250000000.0,251.1,1604440461.9673438,21.196040910918473
2017,Oklahoma City Thunder,1025000000.0,245.1,1347847817.2174623,21.02177494782411
2016,Oklahoma City Thunder,950000000.0,240.0,1275770833.3333335,20.966816408038262
2015,Oklahoma City Thunder,930000000.0,237.0,1264721518.987342,20.958117791797836
2014,Oklahoma City Thunder,590000000.0,236.7,803367131.3899451,20.504322367165493
2013,Oklahoma City Thunder,475000000.0,233.0,657049356.223176,20.303269697254606
2012,Oklahoma City Thunder,348000000.0,229.6,488503484.32055753,20.00685716211473
2011,Oklahoma City Thunder,329000000.0,224.9,471483770.5646954,19.971395238585767
2025,Orlando Magic,3200000000.0,322.3,3200000000.0,21.886416646752092
2024,Orlando Magic,2950000000.0,313.7,3030873445.967485,21.832116680922898
2023,Orlando Magic,1850000000.0,304.7,1956859205.7761736,21.394606578866373
2022,Orlando Magic,1640000000.0,292.7,1805848992.1421251,21.31429667390607
2021,Orlando Magic,1460000000.0,271.0,1736376383.7638376,21.275066240608346
2020,Orlando Magic,1430000000.0,258.8,1780869397.217929,21.300367507412872
2019,Orlando Magic,1325000000.0,255.7,1670111458.740712,21.236156202908848
2018,Orlando Magic,1225000000.0,251.1,1572351652.727997,21.175838203600954
2017,Orlando Magic,920000000.0,245.1,1209775601.7951858,20.913700726294685
2016,Orlando Magic,900000000.0,240.0,1208625000.0,20.912749186767986
2015,Orlando Magic,875000000.0,237.0,1189926160.3375528,20.89715709200815
2014,Orlando Magic,560000000.0,236.7,762517955.217575,20.452136613994924
2013,Orlando Magic,470000000.0,233.0,650133047.2103004,20.29268758792407
2012,Orlando Magic,385000000.0,229.6,540442073.1707318,20.107898016628038
2011,Orlando Magic,385000000.0,224.9,551736327.2565584,20.12858082210818
2025,Philadelphia 76ers,4600000000.0,322.3,4600000000.0,22.24932214044146
2024,Philadelphia 76ers,4300000000.0,313.7,4417883328.020402,22.208926533270688
2023,Philadelphia 76ers,3150000000.0,304.7,3331949458.483755,21.92682339261368
2022,Philadelphia 76ers,2450000000.0,292.7,2697762213.8708577,21.715688456626598
2021,Philadelphia 76ers,2075000000.0,271.0,2467795202.9520297,21.626590958570763
2020,Philadelphia 76ers,2000000000.0,258.8,2490726429.675425,21.635840243701004
2019,Philadelphia 76ers,1650000000.0,255.7,2079761439.1865468,21.45551903138315
2018,Philadelphia 76ers,1180000000.0,251.1,1514591796.0971725,21.138411798081837
2017,Philadelphia 76ers,800000000.0,245.1,1051978784.1697267,20.773938783919526
2016,Philadelphia 76ers,700000000.0,240.0,940041666.6666667,20.66143475848708
2015,Philadelphia 76ers,700000000.0,237.0,951940928.2700423,20.67401354069394
2014,Philadelphia 76ers,469000000.0,236.7,638608787.494719,20.274802598712007
2013,Philadelphia 76ers,418000000.0,233.0,578203433.4763949,20.175436325744723
2012,Philadelphia 76ers,314000000.0,229.6,440776132.40418124,19.90404766824851
2011,Philadelphia 76ers,330000000.0,224.9,472916851.93419296,19.974430142280923
2025,Phoenix Suns,4300000000.0,322.3,4300000000.0,22.18188085964593
2024,Phoenix Suns,4000000000.0,313.7,4109658909.78642,22.13660587169106
2023,Phoenix Suns,2700000000.0,304.7,2855956678.7003613,21.772672712786424
2022,Phoenix Suns,1800000000.0,292.7,1982029381.6194055,21.407387096972084
2021,Phoenix Suns,1700000000.0,271.0,2021808118.0811808,21.427258055950272
2020,Phoenix Suns,1625000000.0,258.8,2023715224.1112828,21.42820087892276
2019,Phoenix Suns,1500000000.0,255.7,1890692217.4423153,21.360208851578825
2018,Phoenix Suns,1280000000.0,251.1,1642947033.0545602,21.21975743753579
2017,Phoenix Suns,1100000000.0,245.1,1446470828.2333744,21.09239251503806
2016,Phoenix Suns,1000000000.0,240.0,1342916666.6666667,21.01810970242581
2015,Phoenix Suns,910000000.0,237.0,1237523206.751055,20.93637780516143
2014,Phoenix Suns,565000000.0,236.7,769326151.2463033,20.461025561412168
2013,Phoenix Suns,474000000.0,233.0,655666094.4206009,20.301162214915042
2012,Phoenix Suns,395000000.0,229.6,554479529.6167248,20.133540447241376
2011,Phoenix Suns,411000000.0,224.9,588996442.8634949,20.19393070231663
2025,Portland Trail Blazers,3500000000.0,322.3,3500000000.0,21.97602880544178
2024,Portland Trail Blazers,3080000000.0,313.7,3164437360.5355434,21.875241107556654
2023,Portland Trail Blazers,2100000000.0,304.7,2221299638.98917,21.521358284505517
2022,Portland Trail Blazers,2050000000.0,292.7,2257311240.177656,21.53744022522028
2021,Portland Trail Blazers,1900000000.0,271.0,2259667896.678967,21.5384836910605
2020,Portland Trail Blazers,1850000000.0,258.8,2303921947.449768,21.557878702231292
2019,Portland Trail Blazers,1600000000.0,255.7,2016738365.271803,21.424747372716396
2018,Portland Trail Blazers,1300000000.0,251.1,1668618080.4460375,21.235261624071754
2017,Portland Trail Blazers,1050000000.0,245.1,1380722154.2227664,21.045872499403167
2016,Portland Trail Blazers,975000000.0,240.0,1309343750.0,20.99279189444152
2015,Portland Trail Blazers,940000000.0,237.0,1278320675.1054852,20.968813080914586
2014,Portland Trail Blazers,587000000.0,236.7,799282213.772708,20.499224650093826
2013,Portland Trail Blazers,457000000.0,233.0,632150643.776824,20.26463828411417
2012,Portland Trail Blazers,370000000.0,229.6,519385888.50174224,20.068157687978527
2011,Portland Trail Blazers,356000000.0,224.9,510176967.54112935,20.050268218672425
2025,Sacramento Kings,3700000000.0,322.3,3700000000.0,22.03159865659659
2024,Sacramento Kings,3330000000.0,313.7,3421291042.397195,21.953283814563523
2023,Sacramento Kings,2030000000.0,304.7,2147256317.689531,21.487456732829838
2022,Sacramento Kings,2000000000.0,292.7,2202254868.4660063,21.51274761262991
2021,Sacramento Kings,1825000000.0,271.0,2170470479.704797,21.49820979192256
2020,Sacramento Kings,1775000000.0,258.8,2210519706.33694,21.516493486068438
2019,Sacramento Kings,1575000000.0,255.7,1985226828.314431,21.408999015748257
2018,Sacramento Kings,1375000000.0,251.1,1764884508.1640782,21.2913510907228
2017,Sacramento Kings,1075000000.0,245.1,1413596491.2280703,21.069402996813363
2016,Sacramento Kings,925000000.0,240.0,1242197916.6666667,20.9401481609561
2015,Sacramento Kings,800000000.0,237.0,1087932489.4514768,20.80754493331846
2014,Sacramento Kings,550000000.0,236.7,748901563.1601183,20.434118108492246
2013,Sacramento Kings,527000000.0,233.0,728978969.9570816,20.40715544176133
2012,Sacramento Kings,300000000.0,229.6,421123693.37979096,19.858437156996455
2011,Sacramento Kings,293000000.0,224.9,419892841.2627834,19.855510096837463
2025,San Antonio Spurs,3850000000.0,322.3,3850000000.0,22.071338985246104
2024,San Antonio Spurs,3250000000.0,313.7,3339097864.201466,21.92896650691282
2023,San Antonio Spurs,2000000000.0,304.7,2115523465.7039714,21.472568120336085
2022,San Antonio Spurs,1980000000.0,292.7,2180232319.7813463,21.502697276776406
2021,San Antonio Spurs,1850000000.0,271.0,2200202952.0295205,21.511815443978335
2020,San Antonio Spurs,1800000000.0,258.8,2241653786.7078824,21.530479728043176
2019,San Antonio Spurs,1625000000.0,255.7,2048249902.2291749,21.440251559252363
2018,San Antonio Spurs,1550000000.0,251.1,1989506172.8395064,21.41115229053542
2017,San Antonio Spurs,1175000000.0,245.1,1545093839.2492862,21.15835048282986
2016,San Antonio Spurs,1150000000.0,240.0,1544354166.6666667,21.15787164480097
2015,San Antonio Spurs,1000000000.0,237.0,1359915611.814346,21.030688484632673
2014,San Antonio Spurs,660000000.0,236.7,898681875.7921419,20.6164396652862
2013,San Antonio Spurs,527000000.0,233.0,728978969.9570816,20.40715544176133
2012,San Antonio Spurs,418000000.0,229.6,586765679.4425088,20.190136114865012
2011,San Antonio Spurs,404000000.0,224.9,578964873.277012,20.176752365781546
2025,Toronto Raptors,4400000000.0,322.3,4400000000.0,22.204870377870627
2024,Toronto Raptors,4100000000.0,313.7,4212400382.5310807,22.16129848428143
2023,Toronto Raptors,3100000000.0,304.7,3279061371.8411555,21.91082305126724
2022,Toronto Raptors,2480000000.0,292.7,2730796036.8978477,21.727858992246855
2021,Toronto Raptors,2150000000.0,271.0,2556992619.9261994,21.662097647027675
2020,Toronto Raptors,2100000000.0,258.8,2615262751.1591964,21.684630407870436
2019,Toronto Raptors,1675000000.0,255.7,2111272976.1439188,21.470556908747692
2018,Toronto Raptors,1400000000.0,251.1,1796973317.4034252,21.309369596225476
2017,Toronto Raptors,1125000000.0,245.1,1479345165.2386782,21.11486537089012
2016,Toronto Raptors,980000000.0,240.0,1316058333.3333335,20.99790699510829
2015,Toronto Raptors,920000000.0,237.0,1251122362.8691983,20.94730687569362
2014,Toronto Raptors,520000000.0,236.7,708052386.9877483,20.3780286418412
2013,Toronto Raptors,405000000.0,233.0,560221030.0429184,20.143841960326505
2012,Toronto Raptors,382000000.0,229.6,536230836.2369338,20.10007529094683
2011,Toronto Raptors,399000000.0,224.9,571799466.4295242,20.16429890471026
2025,Utah Jazz,3550000000.0,322.3,3550000000.0,21.990213440433735
2024,Utah Jazz,3090000000.0,313.7,3174711507.8100095,21.878482601480826
2023,Utah Jazz,2025000000.0,304.7,2141967509.0252712,21.484990640334644
2022,Utah Jazz,1750000000.0,292.7,1926973009.9077554,21.379216220005386
2021,Utah Jazz,1660000000.0,271.0,1974236162.3616235,21.403447407256554
2020,Utah Jazz,1550000000.0,258.8,1930312982.9984543,21.380947994072212
2019,Utah Jazz,1425000000.0,255.7,1796157606.5701995,21.308915557191277
2018,Utah Jazz,1200000000.0,251.1,1540262843.48865,21.15521891639822
2017,Utah Jazz,910000000.0,245.1,1196625866.9930642,20.902771655762496
2016,Utah Jazz,875000000.0,240.0,1175052083.3333335,20.884578309801288
2015,Utah Jazz,850000000.0,237.0,1155928270.0421941,20.868169555134898
2014,Utah Jazz,525000000.0,236.7,714860583.0164765,20.387598092857353
2013,Utah Jazz,432000000.0,233.0,597569098.7124463,20.208380481464076
2012,Utah Jazz,335000000.0,229.6,470254790.9407666,19.968785214165322
2011,Utah Jazz,343000000.0,224.9,491546909.7376611,20.013067934986335
2025,Washington Wizards,4100000000.0,322.3,4100000000.0,22.134252810656672
2024,Washington Wizards,3500000000.0,313.7,3595951546.0631175,22.003074479066537
2023,Washington Wizards,2500000000.0,304.7,2644404332.1299644,21.695711671650294
2022,Washington Wizards,1930000000.0,292.7,2125175948.069696,21.47712043498676
2021,Washington Wizards,1800000000.0,271.0,2140738007.3800738,21.484416469790222
2020,Washington Wizards,1750000000.0,258.8,2179385625.9659967,21.50230885107648
2019,Washington Wizards,1550000000.0,255.7,1953715291.3570592,21.392998674401817
2018,Washington Wizards,1350000000.0,251.1,1732795698.9247313,21.273001952054603
2017,Washington Wizards,1000000000.0,245.1,1314973480.2121584,20.997082335233735
2016,Washington Wizards,960000000.0,240.0,1289200000.0,20.977287707905557
2015,Washington Wizards,900000000.0,237.0,1223924050.6329114,20.925327968974845
2014,Washington Wizards,485000000.0,236.7,660395014.7866498,20.30834872120321
2013,Washington Wizards,397000000.0,233.0,549154935.6223176,20.123891173907158
2012,Washington Wizards,328000000.0,229.6,460428571.42857146,19.947668290724398
2011,Washington Wizards,322000000.0,224.9,461452200.97821254,19.949889033364805
2025,LeagueAverage,4416666667.0,322.3,4416666667.0,22.208651100786003
2024,LeagueAverage,3854666667.0,313.7,3960341303.0733185,22.099596046143635
2023,LeagueAverage,2863500000.0,304.7,3028900722.0216613,21.831465592627914
2022,LeagueAverage,2480833333.0,292.7,2731713642.7259994,21.728194957175283
2021,LeagueAverage,2228333333.0,271.0,2650154366.1472325,21.697883726624312
2020,LeagueAverage,2123000000.0,258.8,2643906105.100464,21.695523245862177
2019,LeagueAverage,1868333333.0,255.7,2354962194.8607745,21.579790511148264
2018,LeagueAverage,1651500000.0,251.1,2119786738.3512547,21.47458132545297
2017,LeagueAverage,1355333333.0,245.1,1782227389.7425542,21.30112976152584
2016,LeagueAverage,1245333333.0,240.0,1672378888.44125,21.23751293385663
2015,LeagueAverage,1106166667.0,237.0,1504293319.721941,21.131589069869747
2014,LeagueAverage,634133333.0,236.7,863460807.8829743,20.576459067008486
2013,LeagueAverage,509100000.0,233.0,704218583.6909871,20.372599354128255
2012,LeagueAverage,392533333.0,229.6,551016956.558798,20.127276140797573
2011,LeagueAverage,368766667.0,224.9,528472640.1694086,20.085501593097067
